{"all_irish-notes_and_durations-abc.txt": {"mean_entropy": 3.6712579013366753, "mean_corr_info": 0.8736832962633266, "mean_lem_ziv": 85.75735294117646, "mean_ling_comp": 0.0, "n_seqs": 136}, "all_songs_in_G.txt": {"mean_entropy": 3.0839753531985283, "mean_corr_info": 0.8523556438463417, "mean_lem_ziv": 74.2912, "mean_ling_comp": 0.0, "n_seqs": 625}, "cello.txt": {"mean_entropy": 4.0288423196351655, "mean_corr_info": 0.052616226661575144, "mean_lem_ziv": 1093.361111111111, "mean_ling_comp": 0.0, "n_seqs": 36}, "french_phono.txt": {"mean_entropy": 3.2304059669992267, "mean_corr_info": 0.057891355082085684, "mean_lem_ziv": 26.748346193441854, "mean_ling_comp": 0.0, "n_seqs": 98107}, "french_phono_converted.txt": {"mean_entropy": 2.066880780389608, "mean_corr_info": -0.07573895022267987, "mean_lem_ziv": 10.585748213685058, "mean_ling_comp": 0.0, "n_seqs": 98107}, "hello.txt": {"mean_entropy": 3.378623537829221, "mean_corr_info": 0.09530765050319502, "mean_lem_ziv": 19.494949494949495, "mean_ling_comp": 0.0, "n_seqs": 99}, "input.txt": {"mean_entropy": 3.3609725990779, "mean_corr_info": 0.5532975268962192, "mean_lem_ziv": 12.170212765957446, "mean_ling_comp": 0.0, "n_seqs": 47}, "input2.txt": {"mean_entropy": 3.3531714569604354, "mean_corr_info": 0.5546781232672964, "mean_lem_ziv": 12.112359550561798, "mean_ling_comp": 0.0, "n_seqs": 89}, "input2_full.txt": {"mean_entropy": 3.3603365471860567, "mean_corr_info": 0.5459970708515554, "mean_lem_ziv": 12.179012345679013, "mean_ling_comp": 0.0, "n_seqs": 324}, "input_full.txt": {"mean_entropy": 3.376688537924126, "mean_corr_info": 0.5375815880499945, "mean_lem_ziv": 12.185185185185185, "mean_ling_comp": 0.0, "n_seqs": 243}, "isaac.txt": {"mean_entropy": 3.1734602050405654, "mean_corr_info": 0.08402244890065755, "mean_lem_ziv": 31.535714285714285, "mean_ling_comp": 0.0, "n_seqs": 28}, "isaac_nospace.txt": {"mean_entropy": 4.002159575997704, "mean_corr_info": 1.0475058176081673, "mean_lem_ziv": 31.535714285714285, "mean_ling_comp": 0.0, "n_seqs": 28}, "mediapipe.txt": {"mean_entropy": 4.00187269543751, "mean_corr_info": 0.4018812668005116, "mean_lem_ziv": 75.16666666666667, "mean_ling_comp": 0.0, "n_seqs": 6}, "Onnis2003_L1_12.txt": {"mean_entropy": 3.1180561348941036, "mean_corr_info": 0.4047503132766682, "mean_lem_ziv": 9.916666666666666, "mean_ling_comp": 0.0, "n_seqs": 432}, "Onnis2003_L1_2.txt": {"mean_entropy": 3.1448311013978274, "mean_corr_info": 0.30343473828618966, "mean_lem_ziv": 10.0, "mean_ling_comp": 0.0, "n_seqs": 432}, "Onnis2003_L1_24.txt": {"mean_entropy": 3.1603155184753855, "mean_corr_info": 0.38189698890282064, "mean_lem_ziv": 10.125, "mean_ling_comp": 0.0, "n_seqs": 432}, "Onnis2003_L1_6.txt": {"mean_entropy": 3.071880545503267, "mean_corr_info": 0.39887215306634977, "mean_lem_ziv": 9.722222222222221, "mean_ling_comp": 0.0, "n_seqs": 432}, "Onnis2003_L2_12.txt": {"mean_entropy": 3.0004537188538722, "mean_corr_info": 0.5122517192158814, "mean_lem_ziv": 9.38888888888889, "mean_ling_comp": 0.0, "n_seqs": 432}, "Onnis2003_L2_2.txt": {"mean_entropy": 3.0016967421178293, "mean_corr_info": 0.44656909756619, "mean_lem_ziv": 9.5, "mean_ling_comp": 0.0, "n_seqs": 432}, "Onnis2003_L2_24.txt": {"mean_entropy": 3.04065740680571, "mean_corr_info": 0.49145409047147826, "mean_lem_ziv": 9.61111111111111, "mean_ling_comp": 0.0, "n_seqs": 432}, "Onnis2003_L2_6.txt": {"mean_entropy": 2.951114401239601, "mean_corr_info": 0.4994362771279932, "mean_lem_ziv": 9.222222222222221, "mean_ling_comp": 0.0, "n_seqs": 432}, "Onnis2003_single_L1_12.txt": {"mean_entropy": 3.1180561348940996, "mean_corr_info": 0.4047503132766673, "mean_lem_ziv": 9.916666666666666, "mean_ling_comp": 0.0, "n_seqs": 36}, "Onnis2003_single_L1_2.txt": {"mean_entropy": 3.144831101397829, "mean_corr_info": 0.30343473828619055, "mean_lem_ziv": 10.0, "mean_ling_comp": 0.0, "n_seqs": 6}, "Onnis2003_single_L1_24.txt": {"mean_entropy": 3.1603155184753793, "mean_corr_info": 0.3818969889028205, "mean_lem_ziv": 10.125, "mean_ling_comp": 0.0, "n_seqs": 72}, "Onnis2003_single_L1_6.txt": {"mean_entropy": 3.0718805455032627, "mean_corr_info": 0.3988721530663492, "mean_lem_ziv": 9.722222222222221, "mean_ling_comp": 0.0, "n_seqs": 18}, "Onnis2003_single_L2_12.txt": {"mean_entropy": 3.0004537188538745, "mean_corr_info": 0.5122517192158829, "mean_lem_ziv": 9.38888888888889, "mean_ling_comp": 0.0, "n_seqs": 36}, "Onnis2003_single_L2_2.txt": {"mean_entropy": 3.0016967421178293, "mean_corr_info": 0.44656909756619045, "mean_lem_ziv": 9.5, "mean_ling_comp": 0.0, "n_seqs": 6}, "Onnis2003_single_L2_24.txt": {"mean_entropy": 3.0406574068057104, "mean_corr_info": 0.49145409047147887, "mean_lem_ziv": 9.61111111111111, "mean_ling_comp": 0.0, "n_seqs": 72}, "Onnis2003_single_L2_6.txt": {"mean_entropy": 2.9511144012395962, "mean_corr_info": 0.49943627712799515, "mean_lem_ziv": 9.222222222222221, "mean_ling_comp": 0.0, "n_seqs": 18}, "reber.txt": {"mean_entropy": 2.511798499268509, "mean_corr_info": 0.8679064296509565, "mean_lem_ziv": 12.34, "mean_ling_comp": 0.0, "n_seqs": 250}, "reber2.txt": {"mean_entropy": 2.4746171497841014, "mean_corr_info": 0.7757864828843415, "mean_lem_ziv": 14.3887, "mean_ling_comp": 0.0, "n_seqs": 10000}, "thompson_newport.txt": {"mean_entropy": 3.4465392367833685, "mean_corr_info": 0.5532556820166172, "mean_lem_ziv": 13.320987654320987, "mean_ling_comp": 0.0, "n_seqs": 972}}